City_ID,City,Lat,Lng,Max Temp,Humidity,Cloudiness,Wind Speed,Country,Date
0,punta arenas,-53.15,-70.9167,5.06,75,40,12.35,CL,1686424446
1,bilibino,68.0546,166.4372,17.17,39,10,1.52,RU,1686424446
2,saint-francois,46.4154,3.9054,21.69,73,0,1.54,FR,1686424446
3,port-aux-francais,-49.35,70.2167,3.65,57,100,13.14,TF,1686424446
4,blackmans bay,-43.0167,147.3167,10.29,81,98,2.2,AU,1686424447
5,kousseri,12.0769,15.0306,32.21,43,100,4.36,CM,1686424447
6,khovd,48.0056,91.6419,22.26,27,59,1.36,MN,1686424447
7,sola,-13.8833,167.55,25.08,78,100,10.8,VU,1686424447
8,labrador city,52.9463,-66.9114,17.95,48,100,0.0,CA,1686424447
9,west island,-12.1568,96.8225,24.99,94,75,9.35,CC,1686424448
10,tolanaro,-25.0319,46.9987,19.59,87,0,1.66,MG,1686424181
11,anadyr,64.75,177.4833,5.28,75,0,4.0,RU,1686424448
12,avarua,-21.2078,-159.775,26.03,83,0,1.54,CK,1686424448
13,aasiaat,68.7098,-52.8699,3.82,73,100,14.32,GL,1686424448
14,villemur-sur-tarn,43.8671,1.5028,27.31,76,81,3.27,FR,1686424448
15,crane,31.3974,-102.3501,35.28,10,0,6.65,US,1686424448
16,bethel,41.3712,-73.414,24.64,48,40,3.6,US,1686424448
17,port mathurin,-19.6833,63.4167,24.69,73,42,10.62,MU,1686424449
18,iqaluit,63.7506,-68.5145,3.85,69,75,11.32,CA,1686424449
19,ribeira grande,38.5167,-28.7,20.22,60,20,4.12,PT,1686424449
20,talnakh,69.4865,88.3972,2.34,64,0,2.23,RU,1686424449
21,adamstown,-25.066,-130.1015,20.5,55,99,5.99,PN,1686424449
22,porto novo,6.4965,2.6036,25.9,91,93,4.16,BJ,1686424449
23,wailua homesteads,22.0669,-159.378,26.24,79,75,5.14,US,1686424449
24,selfoss,63.9331,-20.9971,10.02,55,9,6.46,IS,1686424449
25,invercargill,-46.4,168.35,5.8,93,100,2.98,NZ,1686424339
26,chonchi,-42.6128,-73.8092,7.84,79,78,2.55,CL,1686424450
27,olonkinbyen,70.9221,-8.7187,1.9,94,100,6.67,SJ,1686424450
28,grytviken,-54.2811,-36.5092,0.59,99,100,1.47,GS,1686424450
29,hamilton,39.1834,-84.5333,29.99,32,0,4.12,US,1686424450
30,graham,47.0529,-122.2943,13.66,91,100,2.57,US,1686424450
31,weno,7.4515,151.8468,25.23,91,100,1.82,FM,1686424450
32,edinburgh of the seven seas,-37.0676,-12.3116,14.94,81,69,6.01,SH,1686424450
33,sos'va,59.1766,61.8558,9.47,71,100,4.06,RU,1686424451
34,goz beida,13.95,20.55,28.63,52,92,2.8,TD,1686424451
35,awjilah,29.1081,21.2869,29.59,22,0,3.05,LY,1686424451
36,stanley,54.868,-1.6985,17.5,71,0,4.63,GB,1686424451
37,darhan,49.4867,105.9228,18.18,37,56,0.83,MN,1686424451
38,angaur state,6.906,134.13,28.57,75,100,3.6,PW,1686424451
39,puerto natales,-51.7236,-72.4875,7.25,53,40,11.83,CL,1686424451
40,yellowknife,62.456,-114.3525,15.29,72,100,4.12,CA,1686424386
41,st. john's,47.5649,-52.7093,9.88,97,100,1.03,CA,1686423969
42,san patricio,28.017,-97.5169,35.65,40,11,4.93,US,1686424227
43,nahiyat ash shinafiyah,31.5874,44.6602,32.65,33,100,11.12,IQ,1686424452
44,mpika,-11.8343,31.4529,15.65,58,8,1.43,ZM,1686424452
45,coahuayana de hidalgo,18.7,-103.6583,32.15,56,92,3.4,MX,1686424452
46,lihue,21.9789,-159.3672,26.58,74,75,5.14,US,1686424452
47,waitangi,-43.9535,-176.5597,11.57,88,98,1.34,NZ,1686424452
48,utrik,11.2278,169.8474,27.67,83,100,7.44,MH,1686424453
49,puerto ayora,-0.7393,-90.3518,28.98,91,95,4.02,EC,1686424453
50,qaqortoq,60.7167,-46.0333,6.8,58,98,2.2,GL,1686424453
51,kapuskasing,49.4169,-82.4331,9.05,76,100,4.63,CA,1686424305
52,lompoc,34.6391,-120.4579,19.32,81,100,3.09,US,1686424453
53,hermanus,-34.4187,19.2345,10.45,75,7,1.52,ZA,1686424453
54,saipan,15.1355,145.701,27.39,100,0,2.57,MP,1686424453
55,xilin hot,43.9667,116.0333,9.72,89,57,2.56,CN,1686424453
56,bangassou,4.7413,22.8184,23.09,81,100,0.56,CF,1686424454
57,carrigaline,51.8117,-8.3986,16.86,100,100,3.6,IE,1686424454
58,bamboo flat,11.7,92.7167,27.88,85,100,8.43,IN,1686424454
59,pisco,-13.7,-76.2167,23.03,64,20,4.63,PE,1686424258
60,carnarvon,-24.8667,113.6333,19.73,68,5,5.09,AU,1686424274
61,bredasdorp,-34.5322,20.0403,11.93,83,7,0.34,ZA,1686424454
62,altai,46.3722,96.2583,15.14,40,5,0.74,MN,1686424454
63,taos,36.4072,-105.5731,25.86,17,0,3.58,US,1686424455
64,afaahiti,-17.75,-149.2833,24.93,75,92,6.79,PF,1686424455
65,xunchang,28.4543,104.715,20.14,66,100,2.14,CN,1686424455
66,ola,59.5833,151.2833,6.12,90,47,1.35,RU,1686424455
67,thompson,55.7435,-97.8558,22.09,30,40,5.66,CA,1686424298
68,odienne,9.51,-7.5692,22.62,91,100,2.31,CI,1686424455
69,tiksi,71.6872,128.8694,3.54,73,79,3.83,RU,1686424455
70,kangding,30.0513,101.9603,8.49,90,100,0.54,CN,1686424456
71,lebu,-37.6167,-73.65,10.59,66,33,7.29,CL,1686424456
72,kiunga,-6.1219,141.2906,21.85,100,96,0.91,PG,1686424456
73,quellon,-43.1167,-73.6167,9.14,61,75,1.03,CL,1686424456
74,kununurra,-15.7667,128.7333,17.99,88,100,0.0,AU,1686424456
75,mount gambier,-37.8333,140.7667,8.75,97,25,2.81,AU,1686424158
76,perryton,36.4,-100.8027,28.44,46,0,0.0,US,1686424456
77,winnemucca,40.973,-117.7357,23.03,38,0,0.0,US,1686424456
78,millersville,39.9979,-76.3541,28.85,36,20,2.06,US,1686424457
79,stepnogorsk,52.3544,71.8869,13.0,84,2,1.66,KZ,1686424457
80,sandnessjoen,66.0217,12.6316,17.29,77,22,3.78,NO,1686424457
81,axim,4.8699,-2.2405,25.53,83,100,6.39,GH,1686424457
82,tazovsky,67.4667,78.7,7.12,54,98,4.57,RU,1686424457
83,boende,-0.2167,20.8667,25.5,72,89,0.41,CD,1686424457
84,shubarkuduk,49.1447,56.4872,21.38,31,60,4.8,KZ,1686424457
85,siemiatycze,52.4272,22.8623,17.39,59,92,6.07,PL,1686424457
86,conduaga,8.862,117.4893,26.29,89,93,2.73,PH,1686424458
87,hadibu,12.65,54.0333,28.66,78,100,7.66,YE,1686424458
88,lerwick,60.1545,-1.1494,13.0,79,25,7.32,GB,1686424339
89,mayma,52.0197,85.9114,11.58,97,100,1.57,RU,1686424458
90,nova sintra,14.8667,-24.7167,22.29,80,14,6.16,CV,1686424458
91,margaret river,-33.95,115.0667,13.13,69,100,8.83,AU,1686424458
92,vredendal,-31.6683,18.5012,13.96,72,0,1.83,ZA,1686424458
93,albany,42.6001,-73.9662,22.32,56,87,0.45,US,1686424458
94,ushuaia,-54.8,-68.3,5.79,65,20,3.6,AR,1686424459
95,afif,23.9065,42.9172,34.59,10,70,4.69,SA,1686424459
96,hilo,19.7297,-155.09,26.64,71,40,1.79,US,1686424459
97,vorgashor,67.5833,63.95,8.88,85,100,1.81,RU,1686424459
98,tsiombe,-25.3,45.4833,18.93,94,0,0.86,MG,1686424459
99,dalnerechensk,45.9339,133.7225,12.13,96,88,1.93,RU,1686424459
100,port elizabeth,-33.918,25.5701,14.16,91,0,3.6,ZA,1686424459
101,bejaia,36.7559,5.0843,22.6,64,0,2.57,DZ,1686424459
102,labytnangi,66.6572,66.4183,9.78,91,100,4.73,RU,1686424460
103,hailar,49.2,119.7,10.26,91,9,1.72,CN,1686424460
104,arauquita,7.0292,-71.4281,31.47,58,35,0.48,CO,1686424460
105,yelizovo,53.1873,158.3805,12.08,57,40,2.0,RU,1686424460
106,santo domingo,18.5001,-69.9886,32.82,75,40,5.14,DO,1686423731
107,georgetown,5.4112,100.3354,27.96,83,20,0.0,MY,1686424331
108,jamestown,42.097,-79.2353,25.01,40,75,6.17,US,1686424460
109,nar'yan-mar,67.6713,53.087,2.92,80,75,8.34,RU,1686424461
110,argamasilla de calatrava,38.7384,-4.015,25.75,47,100,3.34,ES,1686424461
111,champerico,14.3,-91.9167,33.3,68,79,3.89,GT,1686424461
112,vorkuta,67.5,64.0,9.17,85,100,2.24,RU,1686424461
113,mitchell,43.7094,-98.0298,20.41,88,100,1.54,US,1686424411
114,howrah,22.5892,88.3103,29.0,89,75,2.57,IN,1686424461
115,flying fish cove,-10.4217,105.6791,24.82,88,100,5.14,CX,1686424462
116,geraldton,-28.7667,114.6,14.23,100,40,4.63,AU,1686424462
117,kodiak,57.79,-152.4072,7.73,93,100,6.69,US,1686424247
118,mar del plata,-38.0023,-57.5575,12.83,53,40,8.23,AR,1686424462
119,ocean shores,46.9737,-124.1563,16.32,86,100,5.66,US,1686424288
120,sittwe,20.15,92.9,27.95,73,100,2.46,MM,1686424462
121,port lincoln,-34.7333,135.8667,12.76,65,5,4.32,AU,1686424462
122,aksu,41.1231,80.2644,27.7,18,57,2.4,CN,1686424462
123,dudinka,69.4058,86.1778,2.57,54,37,1.49,RU,1686424463
124,isafjordur,66.0755,-23.124,6.45,67,5,6.57,IS,1686424463
125,hawaiian paradise park,19.5933,-154.9731,26.52,74,40,0.0,US,1686424463
126,san pedro pochutla,15.7333,-96.4667,34.84,51,56,4.68,MX,1686424463
127,leninskoye,41.7589,69.3864,23.56,45,25,2.89,KZ,1686424463
128,kinwat,19.6333,78.2,33.94,34,47,5.75,IN,1686424463
129,san juan bautista,-14.0108,-75.7358,26.76,39,0,3.06,PE,1686424463
130,nadi,-17.8,177.4167,21.0,73,40,4.12,FJ,1686424464
131,kasongo-lunda,-6.4667,16.8167,23.49,83,45,0.23,CD,1686424464
132,happy valley-goose bay,53.3168,-60.3315,19.17,59,20,3.09,CA,1686424464
133,ulladulla,-35.35,150.4667,7.94,74,0,1.84,AU,1686424464
134,chernyshevsk,52.5243,117.0174,12.2,81,8,1.21,RU,1686424464
135,nuku'alofa,-21.1333,-175.2,18.19,94,75,1.54,TO,1686424464
136,nemuro,43.3236,145.575,9.46,97,78,1.61,JP,1686424465
137,santana,-0.0583,-51.1817,31.1,66,40,5.66,BR,1686424326
138,urrao,6.3152,-76.1342,19.94,82,82,0.63,CO,1686424465
139,papatowai,-46.5619,169.4708,6.3,67,84,2.42,NZ,1686424465
140,kone,-21.0595,164.8658,17.86,82,0,2.13,NC,1686424465
141,bushehr,28.9684,50.8385,34.05,52,0,3.09,IR,1686424465
142,verdal,63.7933,11.4817,17.02,68,16,1.54,NO,1686424465
143,holualoa,19.6228,-155.9522,24.91,84,40,4.63,US,1686424465
144,kavaratti,10.5669,72.642,29.61,78,100,9.79,IN,1686424466
145,palmer,42.1584,-72.3287,23.41,45,75,2.06,US,1686424466
146,ma'rib,15.4591,45.3253,32.14,12,100,4.08,YE,1686424466
147,cobija,-11.0267,-68.7692,31.8,50,26,2.3,BO,1686424466
148,toliara,-23.35,43.6667,21.36,81,0,0.41,MG,1686424466
149,fort bragg,35.139,-79.006,31.22,29,75,3.09,US,1686424466
150,papao,-17.75,-149.55,25.82,72,48,6.9,PF,1686424466
151,touros,-5.1989,-35.4608,27.99,69,0,6.39,BR,1686424466
152,mumford,5.2618,-0.759,25.34,84,100,5.39,GH,1686424467
153,peace river,56.2501,-117.286,24.17,53,100,4.12,CA,1686424467
154,gaspra,44.4333,34.1,17.33,92,4,2.32,UA,1686424467
155,coquimbo,-29.9533,-71.3436,16.85,67,0,4.63,CL,1686424105
156,ad dawadimi,24.5077,44.3924,30.64,10,1,3.98,SA,1686424467
157,regina,50.4501,-104.6178,21.06,45,0,6.17,CA,1686424292
158,east ballina,-28.8667,153.5833,9.33,86,89,2.74,AU,1686424467
159,betio village,1.358,172.9211,29.02,74,65,4.4,KI,1686424467
160,kokuy,52.2037,117.5529,13.8,77,41,0.77,RU,1686424468
161,villa gesell,-37.2639,-56.973,12.81,50,0,8.71,AR,1686424242
162,balykshi,47.0667,51.8667,23.0,27,0,4.0,KZ,1686424468
163,douglas,41.3,-96.167,26.1,55,75,3.09,US,1686424468
164,grand baie,-20.0182,57.5802,24.14,67,1,1.34,MU,1686424468
165,longyearbyen,78.2186,15.6401,3.91,87,75,1.54,SJ,1686424288
166,yarkovo,57.4028,67.0786,11.24,70,1,3.18,RU,1686424468
167,ust-nera,64.5667,143.2,12.67,76,100,2.3,RU,1686424469
168,udachny,66.4167,112.4,10.25,100,97,1.79,RU,1686424469
169,newman,37.3138,-121.0208,22.79,10,100,0.68,US,1686424469
170,sao joao da barra,-21.6403,-41.0511,30.05,64,0,3.89,BR,1686424469
171,puerto carreno,6.189,-67.4859,32.42,54,39,1.57,CO,1686424469
172,kudahuvadhoo,2.6708,72.8944,27.92,79,100,2.71,MV,1686424469
173,ujae,8.9322,165.7642,27.82,79,100,5.93,MH,1686424469
174,carauari,-4.8828,-66.8958,30.79,64,59,1.01,BR,1686424469
175,ixtapa,20.7,-105.2,29.57,66,0,6.17,MX,1686424470
176,whitehorse,60.7161,-135.0538,16.43,30,40,8.23,CA,1686424324
177,bandipura,34.4167,74.65,16.75,53,74,2.63,IN,1686424470
178,sibiti,-3.6819,13.3499,21.75,95,85,0.38,CG,1686424470
179,santiago de cuba,20.0247,-75.8219,30.06,74,40,4.63,CU,1686424470
180,laguna,38.421,-121.4238,25.19,56,0,3.6,US,1686424470
181,la foa,-21.7108,165.8276,17.76,75,0,1.76,NC,1686424470
182,flin flon,54.7682,-101.865,19.91,32,40,2.57,CA,1686424470
183,mount pearl,47.5166,-52.7813,10.19,98,100,4.12,CA,1686424471
184,wanganui,-39.9333,175.05,2.55,94,5,0.89,NZ,1686424471
185,trinidad,-14.8333,-64.9,32.99,58,20,5.14,BO,1686424471
186,abeche,13.8292,20.8324,27.85,55,77,4.26,TD,1686424471
187,badger,64.8,-147.5333,19.65,48,0,4.12,US,1686424471
188,las tablas,7.7667,-80.2833,27.32,99,100,4.49,PA,1686424471
189,honefoss,60.168,10.2565,20.84,36,0,2.43,NO,1686424471
190,kitimat,54.0524,-128.6534,22.05,60,100,1.79,CA,1686424256
191,chalatenango,14.0333,-88.9333,31.42,50,97,1.39,SV,1686424472
192,vila franca do campo,37.7167,-25.4333,20.23,71,11,5.11,PT,1686424472
193,nkongsamba,4.9547,9.9404,19.81,99,89,0.79,CM,1686424472
194,konotop,51.2403,33.2026,15.19,92,100,8.11,UA,1686424472
195,ancud,-41.8697,-73.8203,8.63,70,71,4.17,CL,1686424472
196,ciudad lazaro cardenas,17.9583,-102.2,31.16,53,57,5.0,MX,1686424472
197,iskateley,67.6803,53.1512,2.97,79,82,8.22,RU,1686424472
198,biga,40.2281,27.2422,18.72,62,100,0.14,TR,1686424473
199,tadine,-21.55,167.8833,20.53,62,89,4.34,NC,1686424473
200,klyuchi,52.2667,79.1667,13.68,77,0,2.57,RU,1686424473
201,suva,-18.1416,178.4415,18.71,100,75,1.54,FJ,1686424473
202,chibougamau,49.9168,-74.3659,15.79,67,100,1.54,CA,1686424473
203,posto fiscal rolim de moura,-13.0833,-62.2667,29.13,62,99,0.34,BR,1686424473
204,ostrow wielkopolski,51.655,17.8069,17.23,60,2,4.14,PL,1686424473
205,san rafael,-34.6177,-68.3301,11.3,28,30,3.16,AR,1686424395
206,keflavik,64.0049,-22.5624,8.95,66,75,8.75,IS,1686424474
207,kruisfontein,-34.0033,24.7314,11.05,71,0,1.78,ZA,1686424474
208,dakhla,23.6848,-15.958,24.01,73,0,7.72,EH,1686424474
209,khulm,36.6974,67.6983,30.95,23,4,2.84,AF,1686424474
210,cockburn town,21.4612,-71.1419,28.04,82,35,5.51,TC,1686424474
211,constantia,44.1833,28.65,18.38,87,88,1.78,RO,1686424474
212,mlimba,-8.8,35.8167,21.18,84,8,1.42,TZ,1686424474
213,mbaiki,3.8678,17.9892,21.81,86,100,0.97,CF,1686424474
214,eyl,7.9803,49.8164,26.82,80,67,10.83,SO,1686424475
215,inhambane,-23.865,35.3833,19.99,77,20,2.06,MZ,1686424475
216,kidal,18.4411,1.4078,37.71,16,0,3.35,ML,1686424475
217,ilulissat,69.2167,-51.1,3.01,100,75,0.51,GL,1686424475
218,lyepyel',54.8814,28.6932,10.96,58,42,3.74,BY,1686424391
219,gornopravdinsk,60.05,69.9,9.98,88,48,3.15,RU,1686424475
220,vernon,50.2581,-119.2691,23.5,73,61,0.51,CA,1686424475
221,cabadbaran,9.1236,125.5344,25.2,89,100,1.7,PH,1686424475
222,puerto baquerizo moreno,-0.9,-89.6,28.55,74,75,5.14,EC,1686424208
223,college,64.8569,-147.8028,19.7,51,40,4.12,US,1686424185
224,mongo,12.1844,18.693,29.22,54,58,1.3,TD,1686424476
225,amphoe sikhiu,14.8994,101.7083,26.0,76,100,3.43,TH,1686424476
226,ketchikan,55.3422,-131.6461,14.26,72,20,5.14,US,1686424476
227,taoudenni,22.6783,-3.9836,39.62,11,0,4.94,ML,1686424476
228,morondava,-20.2833,44.2833,22.04,84,0,5.44,MG,1686424476
229,sinop,41.7711,34.8709,13.81,91,5,0.42,TR,1686424476
230,alice springs,-23.7,133.8833,15.75,23,100,1.03,AU,1686424395
231,susuman,62.7833,148.1667,13.06,70,49,1.26,RU,1686424477
232,esmeralda,21.8525,-78.1169,29.64,71,76,5.41,CU,1686424477
233,tera,14.0078,0.7531,35.89,30,94,4.0,NE,1686424477
234,lata,40.1629,-8.3327,21.62,70,56,1.84,PT,1686424477
235,san fernando del valle de catamarca,-28.4696,-65.7852,17.45,39,59,1.79,AR,1686424477
236,brookings,44.3114,-96.7984,24.14,73,20,3.6,US,1686424477
237,phillip island,-38.4835,145.231,13.04,86,83,7.01,AU,1686424477
238,madimba,-10.4,40.3333,23.81,89,0,2.91,TZ,1686424478
239,redencao,-4.2258,-38.7306,27.66,78,71,1.62,BR,1686424478
240,galveston,29.3669,-94.9669,33.92,66,0,8.75,US,1686424478
241,bodo,67.28,14.405,12.02,71,0,4.63,NO,1686424478
242,maun,-19.9833,23.4167,18.36,20,5,3.13,BW,1686424478
243,ruidoso,33.3317,-105.673,27.09,12,0,4.63,US,1686424478
244,castillos,-34.1667,-53.8333,14.75,49,100,3.86,UY,1686424478
245,kerikeri,-35.2268,173.9474,7.58,93,73,1.8,NZ,1686424222
246,road town,18.4167,-64.6167,31.05,70,40,4.63,VG,1686424442
247,parabel',58.6978,81.4825,9.25,58,0,2.15,RU,1686424478
248,prnjavor,44.8703,17.6628,19.59,92,100,0.6,BA,1686424479
249,kingston,17.997,-76.7936,31.78,74,100,6.71,JM,1686424210
250,childress,34.4264,-100.204,30.14,45,0,2.57,US,1686424229
251,aur,8.1499,171.1687,28.29,82,39,7.87,MH,1686424479
252,lorengau,-2.0226,147.2712,27.3,78,31,1.72,PG,1686424479
253,stewartville,43.8555,-92.4885,27.15,39,75,2.06,US,1686424479
254,bardai,11.65,7.2333,25.1,70,100,5.87,NG,1686424479
255,walvis bay,-22.9575,14.5053,12.83,80,1,4.62,NA,1686424479
256,manicore,-5.8092,-61.3003,29.97,74,0,1.03,BR,1686424479
257,bubaque,11.2833,-15.8333,27.8,79,1,8.3,GW,1686424196
258,tsukawaki,33.2667,131.15,19.84,99,100,1.33,JP,1686424480
259,panjakent,39.4952,67.6093,22.67,49,4,1.72,TJ,1686424480
260,kondopoga,62.2057,34.2614,7.82,67,21,1.78,RU,1686424480
261,kavalerovo,44.2661,135.0572,12.37,97,97,0.18,RU,1686424480
262,wuchang,44.9143,127.15,13.01,91,100,2.81,CN,1686424480
263,rongelap,11.1635,166.8941,27.79,81,100,6.91,MH,1686424480
264,souillac,-20.5167,57.5167,23.21,73,20,3.6,MU,1686424480
265,nantucket,41.2835,-70.0995,21.03,80,40,3.6,US,1686424481
266,usinsk,65.9939,57.5281,2.27,96,100,9.0,RU,1686424481
267,siler city,35.7235,-79.4622,30.76,36,75,4.12,US,1686424481
268,guerrero negro,27.9769,-114.0611,20.25,57,100,7.0,MX,1686424481
269,jaguarao,-32.5661,-53.3758,13.38,84,100,2.8,BR,1686424481
270,dehui,44.5333,125.7,14.49,71,97,1.0,CN,1686424481
271,yuzhno-kurilsk,44.0306,145.8556,9.06,98,99,1.03,RU,1686424481
272,port saint john's,-31.6229,29.5448,15.36,70,0,2.44,ZA,1686424481
273,caleta de carquin,-11.0925,-77.6267,23.26,70,8,5.37,PE,1686424482
274,new norfolk,-42.7826,147.0587,10.95,88,100,1.77,AU,1686424482
275,lehigh acres,26.6254,-81.6248,33.9,55,0,5.66,US,1686424441
276,hithadhoo,-0.6,73.0833,28.18,77,8,3.91,MV,1686424482
277,myrina,39.8797,25.0742,21.58,68,0,2.06,GR,1686424482
278,sisimiut,66.9395,-53.6735,7.21,55,100,16.99,GL,1686424482
279,menongue,-14.6585,17.691,15.83,34,1,0.89,AO,1686424482
280,guozhen,34.3659,107.359,24.73,45,100,1.42,CN,1686424482
281,xichang,27.8964,102.2634,14.84,83,100,0.08,CN,1686424483
282,saguenay,48.4168,-71.0657,17.46,63,75,4.63,CA,1686424483
283,al kharijah,25.4514,30.5464,30.8,24,0,3.88,EG,1686424483
284,sanghar,26.0466,68.9481,31.59,48,0,8.72,PK,1686424483
285,fort mcmurray,56.7268,-111.381,26.77,41,0,6.69,CA,1686424287
286,vadso,70.0744,29.7487,10.49,75,100,6.69,NO,1686424483
287,casper,42.8666,-106.3131,18.73,66,0,3.09,US,1686424254
288,butembo,0.15,29.2833,14.82,98,83,1.08,CD,1686424483
289,east london,-33.0153,27.9116,15.34,65,0,2.87,ZA,1686424484
290,arraial do cabo,-22.9661,-42.0278,27.98,69,0,3.09,BR,1686424484
291,midvagur,62.0511,-7.1939,12.46,87,75,3.6,FO,1686424484
292,karratha,-20.7377,116.8463,20.52,53,7,2.7,AU,1686424484
293,barlinek,52.9946,15.2186,21.44,47,0,4.5,PL,1686424484
294,aykhal,66.0,111.5,12.33,99,100,2.4,RU,1686424485
295,atafu village,-8.5421,-172.5159,28.56,78,100,6.19,TK,1686424485
296,ostrzeszow,51.4264,17.9336,17.18,61,39,3.92,PL,1686424485
297,al miqdadiyah,33.9786,44.9369,34.32,23,100,4.26,IQ,1686424485
298,sinabang,2.4803,96.3801,27.12,83,100,2.37,ID,1686424485
299,cidreira,-30.1811,-50.2056,22.77,66,100,3.22,BR,1686424485
300,warrenton,-28.114,24.8475,11.04,38,0,3.83,ZA,1686424485
301,petropavlovsk-kamchatsky,53.0452,158.6483,11.33,58,40,2.0,RU,1686424481
302,belmonte,-15.8631,-38.8828,25.78,74,25,3.65,BR,1686424486
303,northam,51.0333,-4.2167,20.7,89,37,0.89,GB,1686424486
304,sao jose da coroa grande,-8.8978,-35.1478,26.38,72,23,3.86,BR,1686424486
305,fale old settlement,-9.3852,-171.2468,28.43,80,100,5.51,TK,1686424486
306,callao,-12.0667,-77.15,24.16,60,75,5.14,PE,1686424486
307,sudbury,46.49,-80.99,25.54,43,100,2.24,CA,1686424280
308,chyhyryn,49.0838,32.6555,17.49,89,100,8.85,UA,1686424486
309,yilan,24.757,121.753,27.79,93,100,0.09,TW,1686424486
310,muisne,0.6,-80.0333,27.22,78,100,2.96,EC,1686424487
311,praia da vitoria,38.7333,-27.0667,20.14,68,40,7.46,PT,1686424487
312,mejit,10.2753,170.8646,27.86,78,100,7.89,MH,1686424487
313,pangody,65.85,74.4859,11.38,46,100,9.21,RU,1686424487
314,tikhvin,59.6451,33.5294,7.34,70,3,2.26,RU,1686424487
315,kudymkar,59.0173,54.656,3.77,76,8,2.36,RU,1686424487
316,neyyattinkara,8.4,77.0833,28.92,81,100,4.17,IN,1686424487
317,vilyuchinsk,52.9306,158.4028,12.15,65,13,3.73,RU,1686424487
318,gunjur,13.2019,-16.7339,29.04,70,0,3.09,GM,1686424487
319,tocopilla,-22.092,-70.1979,19.61,66,8,0.88,CL,1686424488
320,ornskoldsvik,63.2909,18.7153,12.53,58,50,3.6,SE,1686424488
321,serowe,-22.3833,26.7167,16.5,20,0,1.67,BW,1686424488
322,al qubbah,32.7616,22.2424,18.38,60,9,5.56,LY,1686424488
323,la passe,45.5549,-0.8967,24.13,83,5,4.25,FR,1686424488
324,sassandra,4.95,-6.0833,24.84,91,100,4.74,CI,1686424488
325,toamasina,-18.1667,49.3833,21.33,84,6,1.35,MG,1686424488
326,bengkulu,-3.8004,102.2655,24.09,92,5,1.76,ID,1686424389
327,port hedland,-20.3167,118.5667,18.03,55,0,2.57,AU,1686424488
328,granja,-3.1203,-40.8261,29.06,71,64,1.92,BR,1686424489
329,bogale,16.2833,95.4,26.71,85,100,5.53,MM,1686424489
330,mahina,-17.5065,-149.489,25.87,65,75,1.54,PF,1686424489
331,igarka,67.4667,86.5833,3.73,60,0,3.15,RU,1686424489
332,teshi old town,5.5836,-0.1072,25.31,94,20,4.63,GH,1686424489
333,saudarkrokur,65.7461,-19.6394,7.88,61,62,9.93,IS,1686424489
334,greymouth,-42.4667,171.2,4.49,82,86,2.65,NZ,1686424489
335,sudak,44.85,34.9667,18.59,90,54,2.4,UA,1686424489
336,tan-tan,28.438,-11.1032,21.61,68,0,6.31,MA,1686424490
337,enewetak,11.3474,162.3373,27.44,83,97,6.37,MH,1686424490
338,emlichheim,52.6167,6.85,26.05,71,1,3.59,DE,1686424490
339,la jolla,32.8473,-117.2742,20.61,80,100,4.12,US,1686424284
340,klaksvik,62.2266,-6.589,12.51,89,99,5.17,FO,1686424490
341,shilin,24.8188,103.3324,15.34,64,100,1.43,CN,1686424490
342,urucara,-2.5364,-57.76,29.17,67,100,1.32,BR,1686424276
343,pekan,3.4836,103.3996,25.06,90,71,1.99,MY,1686424490
344,olyokminsk,60.3736,120.4264,14.31,70,65,2.09,RU,1686424491
345,namibe,-15.1961,12.1522,18.19,86,15,3.14,AO,1686424491
346,hargeysa,9.56,44.065,23.18,60,100,8.54,SO,1686424491
347,tyukhtet,56.5389,89.3011,8.4,83,95,3.21,RU,1686424491
348,nogliki,51.8333,143.1667,8.1,95,100,3.8,RU,1686424491
349,lusambo,-4.9667,23.45,23.42,78,89,1.18,CD,1686424491
350,fernandina beach,30.6697,-81.4626,30.01,75,0,5.66,US,1686424491
351,cova figueira,14.8905,-24.2934,23.83,71,20,5.87,CV,1686424492
352,baardheere,2.3446,42.2764,26.89,61,100,8.91,SO,1686424492
353,santiago,-33.4569,-70.6483,14.54,71,100,1.03,CL,1686424346
354,bambanglipuro,-7.95,110.2833,23.82,90,55,1.43,ID,1686424492
355,nova olinda do norte,-3.8881,-59.0942,32.47,52,100,2.39,BR,1686424492
356,san antonio de pale,-1.4014,5.6325,25.14,82,97,4.51,GQ,1686424492
357,zhalantun,48.0,122.7167,11.38,94,97,3.2,CN,1686424492
358,rocha,-34.4833,-54.3333,14.76,34,100,4.49,UY,1686424492
359,keren,15.7778,38.4581,24.54,47,94,1.18,ER,1686424492
360,luena,-11.7833,19.9167,19.32,42,38,1.46,AO,1686424493
361,pindushi,62.9152,34.58,7.36,68,64,1.72,RU,1686424493
362,pont rouge,48.8833,-72.0825,19.06,87,100,1.95,CA,1686424493
363,sasovo,54.3537,41.9199,9.54,69,24,3.98,RU,1686424493
364,sabang,5.8933,95.3214,28.82,75,100,9.32,ID,1686424363
365,cill airne,52.05,-9.5167,17.88,93,99,2.43,IE,1686424493
366,beihai,21.4833,109.1,26.96,88,100,5.26,CN,1686424493
367,masterton,-40.9597,175.6575,4.45,94,18,0.79,NZ,1686424493
368,zakynthos,37.7914,20.8953,23.69,73,20,0.0,GR,1686424494
369,nouadhibou,20.931,-17.0347,23.99,73,0,8.23,MR,1686424494
370,lac-brome,45.2168,-72.5158,21.06,55,27,0.89,CA,1686424266
371,gutierrez zamora,20.45,-97.0833,34.9,61,86,6.22,MX,1686424494
372,aburi,5.8472,-0.1775,22.84,96,100,2.47,GH,1686424494
373,myshkin,57.7897,38.4545,6.33,67,6,2.43,RU,1686424494
374,gadzhiyevo,69.2551,33.3362,7.02,64,100,4.24,RU,1686424494
375,pochep,52.9336,33.4464,14.89,59,100,6.76,RU,1686424494
376,murghob,38.1702,73.9667,10.52,37,93,0.04,TJ,1686424494
377,dalbandin,28.8947,64.4101,31.5,19,0,2.54,PK,1686424495
378,salekhard,66.53,66.6019,9.83,92,100,5.09,RU,1686424495
379,samfya,-11.3649,29.5565,19.89,44,2,0.43,ZM,1686424495
380,saint-joseph,-21.3667,55.6167,22.21,81,30,5.35,RE,1686424495
381,hobyo,5.3505,48.5268,26.84,83,100,12.53,SO,1686424495
382,port shepstone,-30.7414,30.455,15.43,69,0,3.77,ZA,1686424495
383,yigo village,13.5361,144.8886,26.16,90,75,5.14,GU,1686424495
384,jiangyou,31.7667,104.7167,24.23,59,100,1.69,CN,1686424496
385,arish,31.1316,33.7984,23.07,77,0,3.55,EG,1686424496
386,floro,61.5996,5.0328,20.04,63,99,3.09,NO,1686424496
387,peniche,39.3558,-9.3811,21.71,85,8,3.51,PT,1686424496
388,uturoa,-16.7333,-151.4333,26.79,67,74,6.42,PF,1686424496
389,magadan,59.5667,150.8,7.24,84,41,1.76,RU,1686424496
390,rodez,44.5,2.5833,21.82,68,0,3.09,FR,1686424496
391,qamdo,31.1667,97.2333,2.47,90,100,1.19,CN,1686424496
392,maintirano,-18.0667,44.0167,24.23,78,0,4.92,MG,1686424497
393,sitka,57.0531,-135.33,10.94,87,100,0.0,US,1686424283
394,caxito,-8.5785,13.6643,21.33,91,92,1.72,AO,1686424497
395,rohru,31.2167,77.75,17.27,64,4,1.81,IN,1686424497
396,tutong,4.8,114.65,25.57,88,84,1.99,BN,1686424497
397,heber springs,35.4915,-92.0313,21.27,78,100,2.81,US,1686424497
398,lethbridge,49.7,-112.8186,24.45,68,75,3.6,CA,1686424497
399,caraballeda,10.6112,-66.8522,34.65,54,47,5.66,VE,1686424497
400,yanbu,24.0891,38.0637,33.08,44,0,4.03,SA,1686424473
401,mahanoro,-19.9,48.8,21.27,89,9,2.22,MG,1686424498
402,berezovyy,51.6667,135.7,13.73,92,15,1.27,RU,1686424498
403,nizhnesortymskiy,62.4397,71.7603,13.74,61,100,5.36,RU,1686424498
404,agadez,19.75,10.25,35.7,22,2,4.22,NE,1686424498
405,mokhsogollokh,61.4681,128.9203,11.48,77,49,1.42,RU,1686424498
406,sena madureira,-9.0656,-68.6569,28.91,80,19,1.3,BR,1686424498
407,kloulklubed,7.0419,134.2556,28.57,75,100,3.5,PW,1686424498
408,cuyo,10.8525,121.0086,29.08,79,100,8.42,PH,1686424499
409,mount isa,-20.7333,139.5,14.87,38,0,2.06,AU,1686424499
410,kapoeta,4.7717,33.5903,24.02,72,98,2.3,SS,1686424499
411,cabedelo,-6.9811,-34.8339,28.37,76,3,5.67,BR,1686424336
412,fisterra,42.9049,-9.2629,20.97,86,32,3.11,ES,1686424499
413,kollam,8.8833,76.6,26.59,84,100,3.44,IN,1686424499
414,sakchu-up,40.3894,125.0467,13.5,95,98,1.1,KP,1686424499
415,guajara mirim,-10.7828,-65.3394,32.09,58,75,2.57,BR,1686424499
416,howard springs,-12.497,131.047,21.95,70,11,2.68,AU,1686424500
417,nakhon pathom,13.9833,100.0833,26.1,83,100,2.15,TH,1686424500
418,ciudad del carmen,18.6333,-91.8333,32.02,66,40,4.12,MX,1686424500
419,pizarro,4.9533,-77.366,27.48,81,100,3.17,CO,1686424500
420,sparti,37.0733,22.4297,23.3,74,85,2.32,GR,1686424500
421,warrnambool,-38.3833,142.4833,10.74,88,79,4.26,AU,1686424226
422,sarkand,45.41,79.9186,20.5,55,97,1.77,KZ,1686424500
423,bhalwal,32.272,72.9043,33.76,34,100,8.81,PK,1686424500
424,paramonga,-10.6667,-77.8333,23.2,72,19,5.28,PE,1686424501
425,tralee,52.2704,-9.7026,18.03,92,90,2.44,IE,1686424501
426,margate,51.3813,1.3862,19.27,68,29,2.24,GB,1686424501
427,putla villa de guerrero,17.0333,-97.9333,32.86,48,100,2.64,MX,1686424501
428,jardim de piranhas,-6.3786,-37.3519,33.85,34,85,4.76,BR,1686424501
429,tanout,14.9709,8.8879,36.15,27,98,3.16,NE,1686424501
430,winter garden,28.5653,-81.5862,34.61,57,73,1.34,US,1686424502
431,balaipungut,1.05,101.2833,24.68,92,77,1.16,ID,1686424502
432,vrontados,38.4089,26.1328,22.92,60,0,0.51,GR,1686424502
433,dawei,14.0833,98.2,24.79,94,100,1.49,MM,1686424502
434,maceio,-9.6658,-35.7353,27.69,69,20,4.12,BR,1686424417
435,barra de sao francisco,-18.755,-40.8908,28.65,46,30,0.79,BR,1686424503
436,bentiu,9.2333,29.8333,23.26,89,100,2.54,SS,1686424503
437,forest grove,45.5198,-123.1107,21.77,61,75,3.6,US,1686424503
438,nema,57.5067,50.5011,5.12,76,7,3.58,RU,1686424503
439,argo,37.6333,22.7333,23.77,69,76,0.62,GR,1686424503
440,saynshand,44.8824,110.1163,17.03,47,0,3.82,MN,1686424504
441,kilinochchi,9.3961,80.3982,27.74,79,100,6.73,LK,1686424504
442,koryazhma,61.3143,47.1691,4.98,82,96,3.21,RU,1686424504
443,al ghayzah,16.2079,52.176,29.58,77,13,3.19,YE,1686424504
444,sao gabriel da cachoeira,-0.1303,-67.0892,31.89,74,20,1.54,BR,1686424504
445,tonekabon,36.8163,50.8738,21.97,87,12,0.36,IR,1686424505
446,hengchun,22.0042,120.7439,27.9,78,100,0.5,TW,1686424360
447,lemvig,56.5486,8.3102,16.31,66,40,5.35,DK,1686424505
448,nishinoomote,30.7333,131.0,23.2,94,100,7.28,JP,1686424505
449,remire-montjoly,4.9167,-52.2667,30.02,66,20,5.14,GF,1686424505
450,shimoda,34.6667,138.95,20.06,96,100,1.93,JP,1686424506
451,port alfred,-33.5906,26.891,14.98,69,0,4.43,ZA,1686424506
452,rio branco,-9.9747,-67.81,31.34,66,40,2.06,BR,1686424506
453,vylkove,45.4021,29.586,19.16,81,85,1.94,UA,1686424506
454,mon,26.75,95.1,22.35,97,100,1.31,IN,1686424506
455,codrington,-38.2667,141.9667,9.1,94,25,4.01,AU,1686424506
456,laojunmiao,39.8333,97.7333,20.35,22,61,3.15,CN,1686424506
457,ulsan,35.5372,129.3167,19.09,91,97,0.91,KR,1686424507
458,planaltina,-15.4528,-47.6142,27.1,34,73,1.06,BR,1686424508
459,wainwright,52.839,-110.8572,23.73,42,8,6.35,CA,1686424508
460,dawson creek,55.7666,-120.2362,21.8,49,20,5.66,CA,1686424508
461,dulovo,43.8167,27.15,19.06,71,74,1.44,BG,1686424508
462,pico truncado,-46.7949,-67.9573,5.81,33,0,7.86,AR,1686424509
463,tionk essil,12.7856,-16.5217,31.03,65,46,6.54,SN,1686424509
464,port-vila,-17.7338,168.3219,23.0,66,88,6.88,VU,1686424509
465,saldanha,-33.0117,17.9442,10.03,84,0,2.32,ZA,1686424510
466,kristiansund,63.1115,7.732,18.36,52,0,2.57,NO,1686424510
467,kuybyshev,55.4475,78.3218,13.86,54,39,2.88,RU,1686424511
468,fukuecho,32.6881,128.8419,22.35,94,63,6.52,JP,1686424511
469,kapa'a,22.0752,-159.319,26.99,79,75,5.14,US,1686424511
470,tual,-5.6667,132.75,27.11,80,36,10.95,ID,1686424511
471,feicheng,35.2606,117.9675,18.82,67,1,0.52,CN,1686424511
472,sao vicente,-23.9631,-46.3919,31.98,27,0,1.34,BR,1686424511
473,lazaro cardenas,17.9583,-102.2,31.16,53,57,5.0,MX,1686424512
474,khandyga,62.6667,135.6,11.21,70,20,1.19,RU,1686424512
475,salalah,17.0151,54.0924,29.27,81,100,4.51,OM,1686424512
476,beloyarskiy,63.7119,66.6722,9.89,95,100,3.79,RU,1686424512
477,maitum,6.0392,124.4986,25.91,74,100,1.33,PH,1686424512
478,tchintabaraden,15.8969,5.7985,31.35,40,90,3.59,NE,1686424512
479,katoro,-3.0203,31.8958,20.66,60,23,0.36,TZ,1686424512
480,calca,-13.3333,-71.95,20.64,42,64,1.78,PE,1686424513
481,luderitz,-26.6481,15.1594,13.38,89,0,4.24,NA,1686424513
482,brisas de zicatela,15.8369,-97.0419,34.29,55,75,6.17,MX,1686424513
483,pundong,-7.9522,110.3486,23.81,91,60,1.25,ID,1686424513
484,trevoux,45.9411,4.7673,24.34,74,15,1.78,FR,1686424513
485,buala,-8.145,159.5921,26.46,84,73,2.8,SB,1686424513
486,zhangye,38.9342,100.4517,24.42,23,100,2.27,CN,1686424514
487,trairi,-3.2778,-39.2689,26.54,84,3,4.83,BR,1686424514
488,sroda slaska,51.1641,16.5951,21.95,50,0,3.6,PL,1686424501
489,presidente olegario,-18.4178,-46.4181,26.55,31,0,1.99,BR,1686424514
490,dogondoutchi,13.6393,4.0287,37.1,29,99,2.06,NE,1686424514
491,tabas,33.5959,56.9244,30.12,23,0,2.06,IR,1686424514
492,baruun-urt,46.6806,113.2792,13.02,63,95,2.76,MN,1686424514
493,muynoq,43.7683,59.0214,22.92,47,5,6.06,UZ,1686424515
494,grand falls-windsor,48.9332,-55.6649,6.39,94,100,1.34,CA,1686424515
495,virginia,37.5481,-77.4467,30.12,35,20,4.63,US,1686424194
496,zhangjiakou shi xuanhua qu,40.6103,115.0447,16.95,42,62,2.07,CN,1686424515
497,san luis,-33.295,-66.3356,11.33,23,34,9.38,AR,1686424515
498,micheweni,-4.9667,39.8333,25.24,84,38,5.68,TZ,1686424515
499,karoi,-16.8099,29.6925,16.98,38,6,0.97,ZW,1686424515
500,la gi,10.6667,107.7833,25.74,90,99,4.44,VN,1686424516
501,puerto maldonado,-12.6,-69.1833,32.22,51,40,3.09,PE,1686424516
502,guarenas,10.4674,-66.6066,32.58,54,83,2.33,VE,1686424516
503,paducah,37.0834,-88.6001,31.21,31,0,2.57,US,1686424466
504,campos dos goytacazes,-21.75,-41.3,30.03,39,0,3.09,BR,1686424517
505,acarau,-2.8856,-40.12,27.62,78,4,7.08,BR,1686424350
506,riverside,33.7333,-116.0508,31.77,32,0,2.06,US,1686424476
507,tura,25.5198,90.2201,23.91,93,100,1.46,IN,1686424517
508,mbeya,-8.9,33.45,14.56,82,31,2.73,TZ,1686424517
509,isangel,-19.55,169.2667,20.5,67,6,4.59,VU,1686424517
510,buctzotz,21.2,-88.7833,37.93,33,6,3.65,MX,1686424517
511,hasaki,35.7333,140.8333,20.68,95,100,1.82,JP,1686424517
512,bayganin,48.6947,55.8742,22.94,30,100,4.47,KZ,1686424518
513,ataq,14.5377,46.8319,27.67,48,100,3.07,YE,1686424518
514,tokar,18.4254,37.729,35.86,40,91,3.27,SD,1686424518
515,pokhara,28.2333,83.9833,27.16,48,95,1.79,NP,1686424518
516,guangyuan,32.442,105.823,22.84,79,100,0.81,CN,1686424518
517,tyumentsevo,53.3224,81.498,10.99,87,0,1.56,RU,1686424518
518,reyes,-14.3167,-67.3833,28.91,67,3,2.65,BO,1686424518
519,portland,45.5234,-122.6762,22.27,60,75,4.12,US,1686424139
520,punta del este,-34.9667,-54.95,13.31,57,0,8.49,UY,1686424519
521,mora,11.0461,14.1401,30.09,48,93,2.86,CM,1686424519
522,cerritos,33.8583,-118.0648,21.78,74,100,4.63,US,1686424519
523,salinopolis,-0.6136,-47.3561,28.44,74,8,5.21,BR,1686424386
524,alofi,-19.0595,-169.9187,23.94,94,33,3.09,NU,1686424519
525,qashyr,53.0675,76.1036,17.42,57,98,1.92,KZ,1686424519
526,cannonvale,-20.2833,148.7,20.66,87,39,5.24,AU,1686424519
527,kinmparana,12.8402,-4.9199,36.26,31,73,2.62,ML,1686424520
528,puerto lleras,3.0223,-73.4044,28.71,68,85,1.93,CO,1686424520
529,rmi capitol,7.0893,171.3805,28.97,79,100,4.12,MH,1686424520
530,manokwari,-0.8667,134.0833,25.64,84,98,1.38,ID,1686424520
531,krasnopavlivka,49.1372,36.3272,16.13,95,100,8.19,UA,1686424520
532,barra de santo antonio,-9.4047,-35.5072,27.6,71,7,3.11,BR,1686424276
533,kudat,6.8837,116.8477,24.96,94,20,1.54,MY,1686424521
534,searcy,35.2506,-91.7363,20.0,94,100,3.09,US,1686424326
535,grants,35.1473,-107.8514,26.13,7,0,5.14,US,1686424521
536,nikolayevsk-on-amure,53.1406,140.73,13.98,95,100,1.15,RU,1686424521
537,kotido,2.9806,34.1331,21.43,78,98,2.72,UG,1686424521
538,mosjoen,65.836,13.1908,17.29,34,22,3.6,NO,1686424521
539,robinson,31.4677,-97.1147,37.32,47,0,6.69,US,1686424521
540,aripuana,-9.1667,-60.6333,34.54,35,20,1.38,BR,1686424522
541,malango,-2.9627,119.9001,20.12,99,100,0.59,ID,1686424522
542,lathrop,37.8227,-121.2766,23.48,51,0,1.54,US,1686424468
543,pedernales,18.0384,-71.744,32.39,56,100,6.7,DO,1686424522
544,nabire,-3.3667,135.4833,24.69,92,79,1.26,ID,1686424522
545,lambarene,-0.7001,10.2406,25.01,86,100,1.78,GA,1686424522
546,richfield,44.8833,-93.283,28.21,46,40,2.06,US,1686424522
547,mili,6.0815,171.735,28.4,77,100,8.6,MH,1686424523
548,el burgo de osma,41.5862,-3.0652,19.23,60,67,2.61,ES,1686424523
549,urmary,55.6789,47.944,7.53,67,13,3.17,RU,1686424523
550,kiffa,16.6166,-11.4045,41.77,11,21,3.35,MR,1686424523
551,tambacounda,13.7539,-13.7586,40.56,20,50,1.55,SN,1686424523
552,itoman,26.1247,127.6694,27.01,89,32,2.57,JP,1686424523
553,kaohsiung,22.6163,120.3133,28.35,86,75,1.54,TW,1686424524
554,ponta delgada,37.7333,-25.6667,20.4,56,20,4.12,PT,1686424524
555,botro,7.8525,-5.3106,28.29,65,68,3.65,CI,1686424282
556,revda,56.801,59.9303,10.45,96,99,1.96,RU,1686424524
557,colonia,50.9333,6.95,28.36,41,0,2.06,DE,1686424524
558,rio grande,-32.035,-52.0986,14.06,91,100,6.86,BR,1686424524
559,southern pines,35.174,-79.3923,30.74,33,20,4.12,US,1686424524
560,tamanrasset,22.785,5.5228,30.95,19,40,12.35,DZ,1686424524
